geo_id,flat_cnt
0,80
1,149
2,16
3,83
4,20
5,19
6,82
7,77
8,30
9,52
10,6
11,6
12,5
13,46
14,80
15,20
16,79
17,168
18,158
19,125
20,75
21,74
22,19
23,46
24,125
25,214
26,94
27,94
28,95
29,60
30,98
31,69
32,105
33,94
34,5
35,47
36,111
37,105
38,108
39,52
40,210
41,32
42,250
43,95
44,46
45,111
46,109
47,111
48,110
49,110
50,15
51,56
52,68
53,68
54,111
55,32
56,111
57,46
58,87
59,12
60,50
61,60
62,108
63,40
64,59
65,67
66,40
67,60
68,136
69,9
70,16
71,31
72,34
73,4
74,71
75,95
76,90
77,130
78,36
79,41
80,120
81,66
82,74
83,45
84,100
85,85
86,45
87,152
88,291
89,32
90,32
91,165
92,242
93,168
94,2
95,18
96,64
97,98
98,1
99,80
100,26
101,76
102,177
103,40
104,55
105,5
106,86
107,60
108,48
109,80
110,271
111,301
112,32
113,32
114,138
115,18
116,60
117,60
118,24
119,33
120,12
121,80
122,80
123,109
124,41
125,89
126,111
127,111
128,64
129,84
130,45
131,60
132,111
133,69
134,104
135,32
136,64
137,78
138,40
139,105
140,108
141,16
142,17
143,94
144,167
145,100
146,80
147,96
148,110
149,111
150,240
151,78
152,111
153,69
154,144
155,108
156,80
157,60
158,60
159,46
160,60
161,60
162,46
163,45
164,51
165,395
166,18
167,107
168,60
169,54
170,111
171,111
172,111
173,110
174,112
175,70
176,116
177,112
178,45
179,4
180,6
181,6
182,80
183,61
184,7
185,150
186,125
187,80
188,108
189,66
190,72
191,158
192,80
193,178
194,23
195,15
196,16
197,54
198,8
199,80
200,9
201,5
202,153
203,114
204,70
205,48
206,211
207,120
208,128
209,136
210,204
211,45
212,17
213,35
214,108
215,1
216,48
217,100
218,100
219,110
220,178
221,40
222,81
223,110
224,104
225,69
226,216
227,179
228,72
229,160
230,95
231,72
232,80
233,80
234,50
235,50
236,32
237,231
238,111
239,107
240,45
241,12
242,24
243,48
244,68
245,60
246,75
247,143
248,60
249,60
250,16
251,126
252,75
253,51
254,80
255,7
256,69
257,88
258,65
259,114
260,55
261,6
262,89
263,239
264,117
265,60
266,NA
267,NA
268,160
269,80
270,407
271,20
272,148
273,60
274,222
275,222
276,94
277,204
278,5
279,192
280,125
281,154
282,211
283,52
284,98
285,161
286,142
287,72
288,60
289,54
290,95
291,95
292,108
293,191
294,191
295,185
296,105
297,191
298,95
299,105
300,192
301,96
302,96
303,105
304,192
305,190
306,78
307,144
308,143
309,60
310,60
311,24
312,48
313,91
314,80
315,60
316,78
317,60
318,144
319,60
320,60
321,24
322,98
323,98
324,143
325,144
326,180
327,97
328,98
329,98
330,98
331,98
332,168
333,134
334,24
335,144
336,91
337,204
338,191
339,141
340,150
341,287
342,111
343,203
344,159
345,80
346,144
347,111
348,100
349,68
350,106
351,167
352,143
353,176
354,80
355,203
356,203
357,40
358,80
359,50
360,80
361,48
362,72
363,45
364,100
365,141
366,58
367,80
368,58
369,32
370,29
371,144
372,77
373,144
374,215
375,191
376,159
377,95
378,462
379,259
380,220
381,53
382,36
383,77
384,144
385,167
386,111
387,21
388,16
389,80
390,319
391,4
392,32
393,84
394,60
395,139
396,50
397,64
398,81
399,88
400,108
401,108
402,48
403,55
404,203
405,459
406,93
407,80
408,48
409,81
410,67
411,50
412,24
413,48
414,80
415,68
416,72
417,60
418,214
419,144
420,78
421,92
422,213
423,48
424,46
425,98
426,109
427,63
428,80
429,80
430,80
431,72
432,80
433,60
434,36
435,110
436,80
437,80
438,80
439,56
440,144
441,80
442,79
443,143
444,354
445,144
446,65
447,60
448,93
449,48
450,79
451,68
452,72
453,29
454,72
455,80
456,80
457,79
458,6
459,92
460,24
461,139
462,40
463,32
464,32
465,24
466,24
467,51
468,144
469,144
470,143
471,108
472,167
473,212
474,60
475,60
476,80
477,80
478,128
479,128
480,36
481,80
482,80
483,80
484,80
485,75
486,46
487,91
488,80
489,93
490,60
491,4
492,3
493,48
494,144
495,144
496,103
497,285
498,35
499,40
500,272
501,60
502,60
503,60
504,60
505,22
506,30
507,48
508,80
509,80
510,80
511,137
512,75
513,261
514,109
515,111
516,187
517,190
518,189
519,111
520,166
521,214
522,198
523,94
524,112
525,144
526,98
527,128
528,48
529,216
530,80
531,57
532,80
533,60
534,110
535,139
536,44
537,33
538,84
539,60
540,58
541,80
542,80
543,80
544,60
545,61
546,95
547,5
548,119
549,80
550,120
551,5
552,7
553,127
554,251
555,251
556,4
557,47
558,182
559,144
560,144
561,168
562,215
563,80
564,60
565,144
566,144
567,338
568,45
569,45
570,90
571,40
572,38
573,63
574,81
575,80
576,70
577,80
578,80
579,80
580,434
581,50
582,380
583,109
584,284
585,384
586,98
587,80
588,276
589,128
590,91
591,143
592,223
593,56
594,60
595,8
596,80
597,80
598,111
599,108
600,110
601,75
602,64
603,80
604,80
605,108
606,36
607,60
608,80
609,45
610,44
611,80
612,71
613,127
614,78
615,73
616,168
617,144
618,144
619,165
620,111
621,111
622,140
623,190
624,95
625,39
626,67
627,71
628,174
629,173
630,264
631,249
632,83
633,82
634,258
635,119
636,128
637,263
638,470
639,6
640,60
641,4
642,260
643,319
644,174
645,106
646,143
647,83
648,128
649,96
650,83
651,390
652,303
653,102
654,159
655,323
656,168
657,168
658,751
659,428
660,260
661,296
662,99
663,127
664,171
665,130
666,437
667,165
668,80
669,80
670,80
671,100
672,80
673,48
674,80
675,32
676,48
677,111
678,190
679,238
680,80
681,80
682,80
683,246
684,104
685,368
686,104
687,83
688,82
689,84
690,152
691,229
692,67
693,84
694,144
695,128
696,128
697,348
698,160
699,106
700,135
701,338
702,338
703,111
704,168
705,195
706,135
707,164
708,128
709,260
710,106
711,220
712,264
713,82
714,136
715,221
716,119
717,338
718,245
719,246
720,119
721,395
722,229
723,168
724,168
725,248
726,335
727,191
728,171
729,257
730,136
731,606
732,82
733,104
734,38
735,230
736,63
737,169
738,20
739,58
740,286
741,72
742,60
743,3
744,55
745,52
746,4
747,80
748,60
749,60
750,16
751,72
752,80
753,84
754,72
755,20
756,52
757,50
758,60
759,72
760,84
761,56
762,128
763,40
764,84
765,77
766,77
767,214
768,81
769,144
770,81
771,179
772,215
773,50
774,30
775,29
776,40
777,72
778,37
779,358
780,84
781,216
782,84
783,179
784,214
785,60
786,60
787,30
788,50
789,60
790,60
791,50
792,90
793,40
794,60
795,105
796,111
797,59
798,59
799,84
800,80
801,144
802,79
803,84
804,501
805,143
806,111
807,48
808,71
809,100
810,60
811,75
812,37
813,68
814,214
815,84
816,142
817,84
818,160
819,59
820,50
821,50
822,112
823,80
824,360
825,144
826,84
827,60
828,100
829,84
830,110
831,332
832,179
833,144
834,143
835,111
836,84
837,358
838,29
839,40
840,100
841,100
842,100
843,59
844,60
845,100
846,144
847,84
848,143
849,144
850,48
851,63
852,48
853,42
854,56
855,84
856,60
857,84
858,128
859,84
860,53
861,144
862,64
863,252
864,287
865,94
866,83
867,84
868,113
869,79
870,80
871,48
872,64
873,48
874,80
875,62
876,54
877,96
878,104
879,84
880,179
881,60
882,50
883,137
884,143
885,251
886,20
887,67
888,72
889,80
890,71
891,30
892,84
893,180
894,111
895,44
896,118
897,37
898,168
899,106
900,273
901,60
902,80
903,39
904,84
905,180
906,110
907,106
908,180
909,45
910,287
911,203
912,50
913,80
914,5
915,80
916,80
917,144
918,84
919,76
920,40
921,40
922,40
923,107
924,50
925,50
926,42
927,111
928,108
929,45
930,20
931,20
932,20
933,103
934,47
935,22
936,104
937,60
938,60
939,5
940,20
941,60
942,60
943,60
944,7
945,103
946,105
947,69
948,62
949,60
950,143
951,143
952,142
953,29
954,237
955,30
956,59
957,42
958,144
959,66
960,104
961,30
962,84
963,57
964,96
965,30
966,60
967,144
968,64
969,66
970,30
971,64
972,8
973,8
974,84
975,80
976,80
977,68
978,56
979,20
980,20
981,332
982,105
983,312
984,178
985,142
986,84
987,205
988,79
989,84
990,94
991,78
992,130
993,78
994,77
995,52
996,110
997,84
998,518
999,267
1000,171
1001,83
1002,75
1003,36
1004,108
1005,108
1006,286
1007,48
1008,18
1009,55
1010,61
1011,20
1012,27
1013,8
1014,56
1015,53
1016,215
1017,72
1018,40
1019,20
1020,45
1021,43
1022,192
1023,4
1024,47
1025,72
1026,45
1027,20
1028,30
1029,72
1030,72
1031,58
1032,123
1033,320
1034,156
1035,115
1036,28
1037,30
1038,50
1039,128
1040,162
1041,27
1042,1
1043,101
1044,101
1045,87
1046,143
1047,136
1048,120
1049,6
1050,104
1051,120
1052,209
1053,264
1054,110
1055,205
1056,83
1057,100
1058,83
1059,2
1060,94
1061,133
1062,80
1063,29
1064,80
1065,40
1066,28
1067,84
1068,80
1069,45
1070,60
1071,15
1072,33
1073,8
1074,15
1075,48
1076,55
1077,20
1078,18
1079,72
1080,108
1081,24
1082,108
1083,40
1084,52
1085,60
1086,25
1087,128
1088,108
1089,60
1090,33
1091,104
1092,134
1093,42
1094,50
1095,107
1096,54
1097,84
1098,108
1099,40
1100,50
1101,108
1102,142
1103,71
1104,71
1105,72
1106,80
1107,120
1108,50
1109,80
1110,108
1111,58
1112,80
1113,81
1114,60
1115,60
1116,68
1117,60
1118,80
1119,80
1120,39
1121,54
1122,84
1123,20
1124,54
1125,40
1126,40
1127,60
1128,60
1129,97
1130,40
1131,71
1132,78
1133,86
1134,221
1135,111
1136,40
1137,55
1138,84
1139,80
1140,60
1141,60
1142,30
1143,40
1144,40
1145,53
1146,40
1147,40
1148,56
1149,120
1150,214
1151,60
1152,84
1153,59
1154,80
1155,74
1156,80
1157,80
1158,58
1159,148
1160,62
1161,40
1162,111
1163,60
1164,57
1165,16
1166,160
1167,100
1168,60
1169,80
1170,60
1171,59
1172,60
1173,60
1174,52
1175,70
1176,72
1177,71
1178,74
1179,71
1180,32
1181,80
1182,60
1183,72
1184,77
1185,40
1186,80
1187,69
1188,40
1189,60
1190,64
1191,105
1192,105
1193,72
1194,77
1195,29
1196,55
1197,32
1198,48
1199,30
1200,60
1201,134
1202,84
1203,15
1204,8
1205,8
1206,60
1207,80
1208,22
1209,60
1210,60
1211,68
1212,75
1213,84
1214,60
1215,15
1216,60
1217,8
1218,45
1219,64
1220,48
1221,199
1222,84
1223,16
1224,60
1225,60
1226,60
1227,141
1228,60
1229,49
1230,60
1231,93
1232,142
1233,60
1234,6
1235,80
1236,60
1237,60
1238,60
1239,60
1240,8
1241,8
1242,295
1243,212
1244,153
1245,203
1246,106
1247,382
1248,144
1249,283
1250,144
1251,263
1252,127
1253,215
1254,318
1255,382
1256,358
1257,240
1258,191
1259,284
1260,191
1261,339
1262,191
1263,318
1264,191
1265,191
1266,318
1267,180
1268,609
1269,191
1270,128
1271,190
1272,255
1273,143
1274,255
1275,373
1276,191
1277,203
1278,812
1279,744
1280,191
1281,255
1282,394
1283,373
1284,375
1285,286
1286,143
1287,94
1288,189
1289,258
1290,190
1291,217
1292,4
1293,192
1294,328
1295,287
1296,190
1297,125
1298,173
1299,283
1300,283
1301,174
1302,168
1303,128
1304,661
1305,211
1306,143
1307,214
1308,174
1309,191
1310,283
1311,359
1312,331
1313,191
1314,660
1315,95
1316,94
1317,212
1318,303
1319,249
1320,95
1321,286
1322,215
1323,88
1324,276
1325,281
1326,144
1327,142
1328,287
1329,143
1330,287
1331,287
1332,285
1333,111
1334,140
1335,467
1336,144
1337,215
1338,446
1339,211
1340,355
1341,338
1342,252
1343,128
1344,385
1345,389
1346,238
1347,288
1348,167
1349,144
1350,287
1351,111
1352,167
1353,111
1354,264
1355,192
1356,407
1357,474
1358,370
1359,168
1360,193
1361,192
1362,127
1363,128
1364,359
1365,604
1366,813
1367,168
1368,222
1369,38
1370,203
1371,119
1372,120
1373,119
1374,38
1375,37
1376,400
1377,279
1378,308
1379,276
1380,55
1381,43
1382,162
1383,391
1384,168
1385,72
1386,79
1387,191
1388,43
1389,163
1390,342
1391,34
1392,367
1393,279
1394,34
1395,26
1396,423
1397,278
1398,203
1399,192
1400,294
1401,472
1402,168
1403,224
1404,279
1405,91
1406,300
1407,168
1408,624
1409,154
1410,120
1411,120
1412,132
1413,127
1414,191
1415,202
1416,215
1417,191
1418,168
1419,36
1420,144
1421,341
1422,236
1423,371
1424,234
1425,279
1426,284
1427,54
1428,279
1429,426
1430,460
1431,260
1432,168
1433,191
1434,141
1435,224
1436,189
1437,248
1438,92
1439,179
1440,143
1441,94
1442,112
1443,479
1444,196
1445,284
1446,48
1447,48
1448,82
1449,82
1450,300
1451,96
1452,183
1453,82
1454,96
1455,96
1456,179
1457,48
1458,256
1459,184
1460,585
1461,383
1462,211
1463,96
1464,336
1465,272
1466,168
1467,259
1468,280
1469,364
1470,153
1471,152
1472,215
1473,89
1474,72
1475,202
1476,101
1477,223
1478,221
1479,150
1480,467
1481,510
1482,319
1483,189
1484,252
1485,260
1486,248
1487,277
1488,330
1489,87
1490,284
1491,172
1492,275
1493,333
1494,279
1495,514
1496,196
1497,300
1498,184
1499,262
1500,298
1501,300
1502,207
1503,99
1504,179
1505,48
1506,452
1507,688
1508,312
1509,233
1510,356
1511,226
1512,217
1513,396
1514,407
1515,128
1516,168
1517,280
1518,79
1519,370
1520,168
1521,58
1522,388
1523,37
1524,424
1525,34
1526,279
1527,29
1528,264
1529,215
1530,108
1531,167
1532,29
1533,43
1534,27
1535,222
1536,136
1537,152
1538,252
1539,260
1540,291
1541,238
1542,512
1543,711
1544,153
1545,112
1546,272
1547,474
1548,152
1549,128
1550,106
1551,156
1552,120
1553,78
1554,512
1555,361
1556,191
1557,202
1558,104
1559,104
1560,191
1561,236
1562,141
1563,236
1564,332
1565,384
1566,311
1567,280
1568,542
1569,248
1570,248
1571,333
1572,452
1573,172
1574,191
1575,384
1576,179
1577,172
1578,196
1579,112
1580,143
1581,48
1582,48
1583,463
1584,196
1585,118
1586,201
1587,374
1588,390
1589,159
1590,99
1591,173
1592,656
1593,384
1594,246
1595,100
1596,390
1597,75
1598,75
1599,60
1600,80
1601,120
1602,50
1603,80
1604,80
1605,96
1606,56
1607,60
1608,80
1609,80
1610,80
1611,60
1612,220
1613,7
1614,143
1615,70
1616,72
1617,69
1618,215
1619,127
1620,203
1621,338
1622,128
1623,338
1624,143
1625,192
1626,69
1627,287
1628,144
1629,144
1630,165
1631,144
1632,127
1633,287
1634,215
1635,25
1636,406
1637,127
1638,127
1639,8
1640,12
1641,8
1642,12
1643,12
1644,60
1645,36
1646,12
1647,8
1648,48
1649,12
1650,8
1651,4
1652,2
1653,4
1654,48
1655,8
1656,12
1657,12
1658,2
1659,4
1660,4
1661,4
1662,4
1663,4
1664,4
1665,5
1666,12
1667,280
1668,168
1669,168
1670,287
1671,215
1672,144
1673,12
1674,48
1675,48
1676,12
1677,12
1678,12
1679,8
1680,8
1681,12
1682,12
1683,12
1684,12
1685,12
1686,12
1687,12
1688,4
1689,4
1690,48
1691,12
1692,12
1693,12
1694,4
1695,8
1696,12
1697,4
1698,4
1699,60
1700,4
1701,4
1702,4
1703,168
1704,287
1705,287
1706,20
1707,12
1708,8
1709,12
1710,12
1711,12
1712,12
1713,60
1714,12
1715,12
1716,7
1717,12
1718,36
1719,4
1720,45
1721,80
1722,60
1723,12
1724,4
1725,12
1726,12
1727,4
1728,4
1729,4
1730,4
1731,2
1732,4
1733,4
1734,4
1735,4
1736,4
1737,4
1738,4
1739,4
1740,4
1741,144
1742,287
1743,150
1744,153
1745,174
1746,12
1747,105
1748,178
1749,124
1750,125
1751,5
1752,211
1753,215
1754,150
1755,174
1756,174
1757,83
1758,213
1759,84
1760,75
1761,358
1762,214
1763,12
1764,143
1765,96
1766,287
1767,26
1768,84
1769,167
1770,287
1771,420
1772,93
1773,56
1774,192
1775,214
1776,215
1777,178
1778,105
1779,111
1780,81
1781,215
1782,144
1783,12
1784,174
1785,215
1786,215
1787,154
1788,215
1789,11
1790,215
1791,287
1792,144
1793,178
1794,144
1795,285
1796,96
1797,215
1798,80
1799,81
1800,287
1801,287
1802,91
1803,91
1804,106
1805,81
1806,81
1807,81
1808,98
1809,144
1810,32
1811,98
1812,38
1813,160
1814,1
1815,3
1816,160
1817,180
1818,160
1819,1
1820,52
1821,233
1822,148
1823,148
1824,144
1825,109
1826,79
1827,94
1828,2
1829,16
1830,136
1831,143
1832,281
1833,84
1834,80
1835,215
1836,125
1837,214
1838,84
1839,105
1840,98
1841,214
1842,215
1843,143
1844,111
1845,143
1846,214
1847,215
1848,215
1849,212
1850,176
1851,180
1852,381
1853,368
1854,384
1855,1
1856,160
1857,160
1858,105
1859,159
1860,148
1861,287
1862,300
1863,384
1864,95
1865,48
1866,5
1867,48
1868,63
1869,64
1870,72
1871,84
1872,81
1873,144
1874,187
1875,95
1876,111
1877,80
1878,144
1879,79
1880,72
1881,80
1882,80
1883,111
1884,288
1885,383
1886,110
1887,109
1888,107
1889,40
1890,40
1891,48
1892,64
1893,72
1894,48
1895,52
1896,1
1897,64
1898,72
1899,84
1900,54
1901,190
1902,80
1903,167
1904,78
1905,167
1906,167
1907,191
1908,144
1909,187
1910,58
1911,27
1912,36
1913,64
1914,84
1915,144
1916,105
1917,286
1918,84
1919,381
1920,111
1921,111
1922,80
1923,111
1924,286
1925,111
1926,80
1927,167
1928,144
1929,111
1930,144
1931,111
1932,143
1933,2
1934,2
1935,2
1936,2
1937,1
1938,2
1939,151
1940,2
1941,224
1942,350
1943,72
1944,105
1945,38
1946,38
1947,5
1948,45
1949,71
1950,56
1951,60
1952,66
1953,118
1954,48
1955,54
1956,92
1957,112
1958,79
1959,54
1960,60
1961,60
1962,26
1963,51
1964,80
1965,39
1966,59
1967,60
1968,182
1969,48
1970,60
1971,32
1972,160
1973,45
1974,40
1975,112
1976,48
1977,48
1978,104
1979,283
1980,108
1981,45
1982,72
1983,160
1984,80
1985,80
1986,160
1987,60
1988,60
1989,5
1990,30
1991,180
1992,159
1993,58
1994,75
1995,307
1996,176
1997,71
1998,110
1999,72
2000,98
2001,128
2002,80
2003,90
2004,128
2005,71
2006,180
2007,251
2008,60
2009,108
2010,111
2011,30
2012,59
2013,112
2014,86
2015,44
2016,5
2017,201
2018,24
2019,40
2020,67
2021,80
2022,80
2023,96
2024,80
2025,178
2026,129
2027,233
2028,170
2029,72
2030,80
2031,528
2032,185
2033,84
2034,169
2035,75
2036,44
2037,2
2038,70
2039,196
2040,42
2041,224
2042,60
2043,60
2044,60
2045,55
2046,40
2047,47
2048,80
2049,152
2050,42
2051,72
2052,72
2053,72
2054,72
2055,42
2056,72
2057,4
2058,27
2059,33
2060,27
2061,50
2062,96
2063,288
2064,163
2065,146
2066,125
2067,40
2068,76
2069,140
2070,275
2071,44
2072,59
2073,62
2074,44
2075,78
2076,78
2077,100
2078,136
2079,328
2080,82
2081,142
2082,111
2083,72
2084,48
2085,45
2086,73
2087,78
2088,328
2089,136
2090,227
2091,50
2092,72
2093,174
2094,174
2095,173
2096,80
2097,4
2098,83
2099,84
2100,84
2101,72
2102,72
2103,66
2104,67
2105,264
2106,262
2107,158
2108,42
2109,48
2110,24
2111,60
2112,18
2113,92
2114,288
2115,72
2116,104
2117,72
2118,200
2119,175
2120,110
2121,209
2122,158
2123,110
2124,313
2125,131
2126,106
2127,50
2128,72
2129,90
2130,111
2131,60
2132,128
2133,58
2134,40
2135,40
2136,85
2137,46
2138,229
2139,80
2140,5
2141,106
2142,51
2143,160
2144,144
2145,142
2146,127
2147,219
2148,158
2149,215
2150,66
2151,277
2152,111
2153,138
2154,210
2155,199
2156,95
2157,981
2158,158
2159,174
2160,281
2161,NA
2162,76
2163,3
2164,100
2165,52
2166,3
2167,199
2168,179
2169,100
2170,96
2171,15
2172,100
2173,250
2174,159
2175,179
2176,72
2177,84
2178,80
2179,68
2180,66
2181,68
2182,80
2183,81
2184,80
2185,108
2186,80
2187,54
2188,144
2189,213
2190,80
2191,142
2192,58
2193,24
2194,48
2195,43
2196,105
2197,61
2198,60
2199,80
2200,60
2201,72
2202,112
2203,80
2204,72
2205,80
2206,80
2207,84
2208,84
2209,80
2210,80
2211,84
2212,98
2213,143
2214,84
2215,282
2216,56
2217,48
2218,60
2219,40
2220,40
2221,60
2222,64
2223,24
2224,18
2225,50
2226,144
2227,14
2228,119
2229,100
2230,84
2231,108
2232,60
2233,64
2234,84
2235,12
2236,18
2237,4
2238,80
2239,80
2240,215
2241,98
2242,80
2243,286
2244,80
2245,84
2246,80
2247,120
2248,120
2249,60
2250,24
2251,52
2252,72
2253,98
2254,60
2255,115
2256,84
2257,60
2258,48
2259,112
2260,60
2261,60
2262,60
2263,188
2264,80
2265,77
2266,80
2267,39
2268,80
2269,60
2270,80
2271,110
2272,80
2273,11
2274,24
2275,60
2276,55
2277,60
2278,16
2279,84
2280,108
2281,20
2282,111
2283,84
2284,106
2285,108
2286,81
2287,40
2288,215
2289,40
2290,98
2291,81
2292,216
2293,124
2294,178
2295,66
2296,40
2297,75
2298,80
2299,68
2300,80
2301,76
2302,72
2303,80
2304,84
2305,16
2306,80
2307,5
2308,41
2309,72
2310,215
2311,72
2312,215
2313,84
2314,179
2315,92
2316,80
2317,100
2318,71
2319,80
2320,84
2321,84
2322,212
2323,98
2324,84
2325,77
2326,55
2327,50
2328,125
2329,216
2330,215
2331,215
2332,144
2333,105
2334,58
2335,70
2336,80
2337,81
2338,76
2339,80
2340,215
2341,216
2342,215
2343,80
2344,125
2345,100
2346,100
2347,84
2348,84
2349,331
2350,55
2351,36
2352,77
2353,80
2354,100
2355,48
2356,60
2357,60
2358,72
2359,80
2360,80
2361,216
2362,143
2363,143
2364,80
2365,80
2366,64
2367,80
2368,40
2369,80
2370,60
2371,72
2372,11
2373,52
2374,70
2375,50
2376,80
2377,143
2378,60
2379,169
2380,60
2381,52
2382,60
2383,80
2384,50
2385,216
2386,16
2387,100
2388,99
2389,80
2390,39
2391,80
2392,80
2393,76
2394,157
2395,100
2396,50
2397,88
2398,40
2399,135
2400,108
2401,216
2402,215
2403,40
2404,112
2405,144
2406,215
2407,144
2408,98
2409,52
2410,80
2411,100
2412,96
2413,100
2414,96
2415,75
2416,66
2417,80
2418,40
2419,84
2420,80
2421,75
2422,80
2423,81
2424,139
2425,215
2426,55
2427,70
2428,84
2429,84
2430,68
2431,204
2432,163
2433,64
2434,58
2435,61
2436,89
2437,100
2438,60
2439,48
2440,80
2441,80
2442,80
2443,126
2444,50
2445,135
2446,138
2447,3
2448,100
2449,85
2450,195
2451,12
2452,69
2453,137
2454,164
2455,264
2456,240
2457,256
2458,263
2459,584
2460,238
2461,221
2462,264
2463,584
2464,264
2465,584
2466,240
2467,264
2468,264
2469,408
2470,792
2471,176
2472,150
2473,70
2474,60
2475,64
2476,426
2477,478
2478,198
2479,143
2480,584
2481,527
2482,496
2483,176
2484,138
2485,NA
2486,72
2487,80
2488,80
2489,71
2490,80
2491,80
2492,80
2493,76
2494,72
2495,72
2496,72
2497,60
2498,80
2499,99
2500,80
2501,76
2502,99
2503,59
2504,80
2505,72
2506,80
2507,72
2508,80
2509,100
2510,80
2511,80
2512,100
2513,76
2514,80
2515,80
2516,100
2517,80
2518,140
2519,100
2520,80
2521,100
2522,100
2523,60
2524,100
2525,68
2526,64
2527,80
2528,84
2529,84
2530,105
2531,474
2532,105
2533,80
2534,100
2535,72
2536,80
2537,72
2538,80
2539,80
2540,80
2541,72
2542,72
2543,80
2544,68
2545,80
2546,140
2547,60
2548,60
2549,80
2550,60
2551,60
2552,60
2553,80
2554,80
2555,60
2556,80
2557,80
2558,80
2559,80
2560,100
2561,60
2562,76
2563,60
2564,80
2565,80
2566,190
2567,100
2568,80
2569,100
2570,80
2571,80
2572,100
2573,100
2574,100
2575,100
2576,100
2577,80
2578,66
2579,80
2580,157
2581,72
2582,105
2583,498
2584,105
2585,80
2586,80
2587,80
2588,80
2589,69
2590,64
2591,60
2592,100
2593,100
2594,60
2595,100
2596,80
2597,99
2598,60
2599,60
2600,60
2601,80
2602,95
2603,80
2604,80
2605,72
2606,80
2607,80
2608,60
2609,80
2610,80
2611,80
2612,97
2613,80
2614,80
2615,100
2616,100
2617,80
2618,80
2619,100
2620,60
2621,79
2622,72
2623,80
2624,80
2625,84
2626,148
2627,80
2628,332
2629,105
2630,105
2631,105
2632,332
2633,80
2634,80
2635,80
2636,68
2637,72
2638,5
2639,3
2640,72
2641,68
2642,72
2643,72
2644,80
2645,80
2646,80
2647,80
2648,59
2649,80
2650,60
2651,67
2652,72
2653,80
2654,72
2655,72
2656,60
2657,85
2658,73
2659,80
2660,99
2661,72
2662,72
2663,68
2664,72
2665,80
2666,80
2667,80
2668,80
2669,68
2670,72
2671,72
2672,80
2673,80
2674,68
2675,100
2676,68
2677,80
2678,60
2679,80
2680,319
2681,72
2682,72
2683,80
2684,96
2685,96
2686,4
2687,80
2688,80
2689,80
2690,80
2691,80
2692,71
2693,72
2694,80
2695,68
2696,80
2697,60
2698,96
2699,143
2700,139
2701,96
2702,143
2703,96
2704,95
2705,96
2706,5
2707,5
2708,80
2709,100
2710,68
2711,72
2712,80
2713,96
2714,96
2715,80
2716,72
2717,80
2718,80
2719,100
2720,72
2721,100
2722,100
2723,100
2724,250
2725,100
2726,100
2727,100
2728,100
2729,287
2730,250
2731,160
2732,111
2733,428
2734,144
2735,80
2736,80
2737,88
2738,96
2739,144
2740,88
2741,143
2742,88
2743,88
2744,143
2745,68
2746,100
2747,72
2748,120
2749,96
2750,72
2751,80
2752,80
2753,100
2754,84
2755,96
2756,100
2757,80
2758,80
2759,80
2760,80
2761,78
2762,111
2763,80
2764,72
2765,72
2766,100
2767,80
2768,80
2769,80
2770,72
2771,80
2772,98
2773,80
2774,60
2775,60
2776,71
2777,80
2778,60
2779,80
2780,80
2781,80
2782,80
2783,80
2784,80
2785,80
2786,80
2787,80
2788,80
2789,68
2790,84
2791,120
2792,120
2793,120
2794,100
2795,100
2796,72
2797,72
2798,100
2799,283
2800,84
2801,100
2802,100
2803,100
2804,100
2805,80
2806,80
2807,80
2808,296
2809,80
2810,80
2811,72
2812,100
2813,80
2814,72
2815,100
2816,72
2817,80
2818,100
2819,80
2820,91
2821,96
2822,80
2823,71
2824,80
2825,48
2826,80
2827,80
2828,71
2829,80
2830,79
2831,71
2832,80
2833,60
2834,80
2835,80
2836,80
2837,67
2838,68
2839,145
2840,135
2841,134
2842,109
2843,110
2844,233
2845,269
2846,134
2847,103
2848,111
2849,106
2850,96
2851,51
2852,100
2853,71
2854,216
2855,178
2856,471
2857,133
2858,133
2859,317
2860,107
2861,165
2862,55
2863,107
2864,76
2865,67
2866,80
2867,73
2868,68
2869,72
2870,68
2871,120
2872,120
2873,72
2874,68
2875,120
2876,80
2877,45
2878,100
2879,80
2880,100
2881,100
2882,84
2883,100
2884,80
2885,72
2886,72
2887,60
2888,60
2889,227
2890,79
2891,60
2892,60
2893,72
2894,190
2895,164
2896,139
2897,144
2898,144
2899,119
2900,139
2901,345
2902,139
2903,71
2904,414
2905,189
2906,269
2907,327
2908,164
2909,144
2910,139
2911,144
2912,159
2913,144
2914,112
2915,138
2916,128
2917,156
2918,138
2919,128
2920,128
2921,136
2922,NA
2923,72
2924,96
2925,100
2926,111
2927,100
2928,100
2929,72
2930,80
2931,100
2932,80
2933,71
2934,100
2935,80
2936,100
2937,80
2938,96
2939,80
2940,80
2941,71
2942,71
2943,72
2944,80
2945,80
2946,80
2947,80
2948,71
2949,80
2950,80
2951,80
2952,72
2953,80
2954,80
2955,80
2956,72
2957,140
2958,108
2959,164
2960,139
2961,144
2962,159
2963,139
2964,179
2965,144
2966,144
2967,255
2968,282
2969,136
2970,278
2971,139
2972,159
2973,132
2974,128
2975,144
2976,120
2977,1
2978,178
2979,80
2980,80
2981,120
2982,111
2983,81
2984,144
2985,215
2986,111
2987,100
2988,100
2989,105
2990,214
2991,287
2992,120
2993,100
2994,100
2995,100
2996,16
2997,16
2998,8
2999,100
3000,336
3001,144
3002,336
3003,96
3004,96
3005,96
3006,84
3007,100
3008,239
3009,15
3010,215
3011,100
3012,122
3013,100
3014,80
3015,122
3016,80
3017,100
3018,100
3019,288
3020,342
3021,180
3022,336
3023,144
3024,137
3025,336
3026,84
3027,36
3028,96
3029,91
3030,96
3031,80
3032,100
3033,80
3034,127
3035,127
3036,127
3037,144
3038,100
3039,100
3040,80
3041,144
3042,105
3043,100
3044,100
3045,215
3046,100
3047,100
3048,100
3049,100
3050,112
3051,84
3052,84
3053,84
3054,5
3055,80
3056,186
3057,83
3058,98
3059,80
3060,324
3061,98
3062,211
3063,192
3064,98
3065,104
3066,108
3067,103
3068,144
3069,84
3070,144
3071,144
3072,127
3073,144
3074,100
3075,111
3076,271
3077,215
3078,84
3079,143
3080,214
3081,110
3082,264
3083,144
3084,35
3085,144
3086,192
3087,100
3088,100
3089,100
3090,324
3091,212
3092,60
3093,84
3094,98
3095,105
3096,192
3097,199
3098,124
3099,60
3100,98
3101,199
3102,125
3103,105
3104,283
3105,128
3106,336
3107,329
3108,84
3109,81
3110,287
3111,35
3112,287
3113,285
3114,95
3115,109
3116,211
3117,120
3118,111
3119,96
3120,80
3121,84
3122,333
3123,127
3124,144
3125,35
3126,35
3127,287
3128,287
3129,144
3130,98
3131,287
3132,282
3133,287
3134,143
3135,215
3136,111
3137,144
3138,127
3139,111
3140,4
3141,80
3142,36
3143,8
3144,80
3145,108
3146,79
3147,100
3148,140
3149,80
3150,105
3151,96
3152,96
3153,80
3154,80
3155,72
3156,108
3157,98
3158,215
3159,96
3160,96
3161,76
3162,278
3163,1
3164,1
3165,263
3166,247
3167,264
3168,196
3169,176
3170,333
3171,7
3172,142
3173,224
3174,156
3175,177
3176,175
3177,1
3178,1
3179,1
3180,1
3181,2
3182,1
3183,7
3184,3
3185,1
3186,1
3187,2
3188,2
3189,3
3190,6
3191,1
3192,2
3193,5
3194,2
3195,3
3196,3
3197,1
3198,6
3199,2
3200,2
3201,1
3202,2
3203,3
3204,2
3205,1
3206,252
3207,287
3208,287
3209,215
3210,82
3211,95
3212,80
3213,357
3214,100
3215,247
3216,80
3217,3
3218,1
3219,3
3220,2
3221,216
3222,39
3223,215
3224,80
3225,144
3226,214
3227,100
3228,215
3229,100
3230,100
3231,100
3232,80
3233,144
3234,122
3235,100
3236,159
3237,100
3238,96
3239,98
3240,100
3241,100
3242,159
3243,100
3244,100
3245,2
3246,3
3247,2
3248,4
3249,1
3250,1
3251,1
3252,1
3253,6
3254,1
3255,3
3256,2
3257,1
3258,2
3259,2
3260,1
3261,3
3262,1
3263,5
3264,3
3265,3
3266,2
3267,1
3268,2
3269,234
3270,65
3271,24
3272,108
3273,142
3274,1
3275,152
3276,2
3277,112
3278,84
3279,80
3280,263
3281,1
3282,1
3283,78
3284,306
3285,1
3286,1
3287,1
3288,65
3289,208
3290,64
3291,216
3292,72
3293,142
3294,155
3295,185
3296,152
3297,94
3298,108
3299,208
3300,160
3301,549
3302,175
3303,1
3304,152
3305,2
3306,80
3307,2
3308,42
3309,143
3310,100
3311,2
3312,1
3313,152
3314,549
3315,82
3316,212
3317,44
3318,59
3319,278
3320,208
3321,246
3322,43
3323,54
3324,108
3325,131
3326,272
3327,156
3328,164
3329,135
3330,226
3331,4
3332,2
3333,246
3334,191
3335,199
3336,164
3337,138
3338,108
3339,160
3340,208
3341,335
3342,2
3343,2
3344,135
3345,2
3346,41
3347,156
3348,1
3349,1
3350,80
3351,324
3352,54
3353,209
3354,41
3355,127
3356,107
3357,60
3358,369
3359,210
3360,67
3361,195
3362,242
3363,153
3364,526
3365,508
3366,278
3367,168
3368,94
3369,275
3370,135
3371,30
3372,127
3373,346
3374,211
3375,356
3376,102
3377,193
3378,304
3379,84
3380,143
3381,98
3382,84
3383,98
3384,95
3385,324
3386,98
3387,98
3388,107
3389,8
3390,7
3391,80
3392,80
3393,144
3394,143
3395,84
3396,360
3397,35
3398,35
3399,80
3400,333
3401,88
3402,33
3403,144
3404,192
3405,94
3406,144
3407,215
3408,109
3409,111
3410,35
3411,287
3412,144
3413,287
3414,96
3415,80
3416,108
3417,80
3418,84
3419,107
3420,108
3421,108
3422,328
3423,302
3424,140
3425,391
3426,168
3427,17
3428,123
3429,2
3430,447
3431,140
3432,1
3433,1
3434,159
3435,512
3436,1
3437,320
3438,1
3439,2
3440,138
3441,8
3442,61
3443,264
3444,96
3445,223
3446,295
3447,166
3448,168
3449,203
3450,247
3451,195
3452,224
3453,337
3454,177
3455,1
3456,1
3457,1
3458,1
3459,1
3460,1
3461,1
3462,3
3463,1
3464,2
3465,1
3466,6
3467,2
3468,1
3469,1
3470,5
3471,2
3472,3
3473,1
3474,2
3475,1
3476,5
3477,2
3478,2
3479,2
3480,2
3481,3
3482,3
3483,1
3484,2
3485,2
3486,1
3487,162
3488,208
3489,1
3490,1
3491,1
3492,65
3493,206
3494,33
3495,35
3496,87
3497,156
3498,210
3499,211
3500,120
3501,212
3502,88
3503,35
3504,102
3505,86
3506,156
3507,1
3508,142
3509,142
3510,186
3511,111
3512,2
3513,2
3514,144
3515,108
3516,16
3517,54
3518,128
3519,61
3520,275
3521,271
3522,256
3523,311
3524,189
3525,232
3526,104
3527,159
3528,128
3529,208
3530,264
3531,162
3532,1
3533,4
3534,274
3535,168
3536,152
3537,101
3538,364
3539,204
3540,191
3541,335
3542,192
3543,192
3544,1
3545,1
3546,128
3547,128
